{
  "packages": [
    {
      "title": "Monsoon",
      "desc": "Monsoon desc",
      "amount": "4800",
      "days": "120",
      "id": "1"
    },
    {
      "title": "Summer",
      "desc": "Summer desc",
      "amount": "4700",
      "days": "120",
      "id": "2"
    },
    {
      "title": "Winter",
      "desc": "Winter desc",
      "amount": "4800",
      "days": "120",
      "id": "3"
    },
    {
      "title": "Half Year",
      "desc": "Half Year Package",
      "amount": "6600",
      "days": "180",
      "id": "6428"
    },
    {
      "id": "0a0f",
      "title": "Year",
      "desc": "Year",
      "amount": "12000",
      "days": "365"
    }
  ],
  "agents": [
    {
      "id": "d33c",
      "firstName": "Abhi",
      "lastName": "C",
      "email": "abhi@gmail.com",
      "dob": "2000-03-05",
      "gender": "male",
      "qualification": "graduate",
      "password": "1234"
    },
    {
      "id": "c2a8",
      "firstName": "Sumanth",
      "lastName": "M",
      "email": "sm@gmail.com",
      "dob": "2020-02-06",
      "gender": "male",
      "qualification": "graduate",
      "password": "1234"
    },
    {
      "id": "f214",
      "firstName": "Dedeepya",
      "lastName": "P",
      "email": "dp@gmail.com",
      "dob": "2011-02-03",
      "gender": "female",
      "qualification": "undergraduate",
      "password": "1234"
    },
    {
      "id": "f8cd",
      "fistName": "Nanditha",
      "lastName": "Vivek",
      "email": "nanditha@gmail.com",
      "dob": "2016-02-03",
      "gender": "female",
      "qualification": "graduate",
      "password": "1234",
      "confirmPassword": "1234",
      "terms": true
    }
  ],
  "ContactManagemenet": [
    {
      "id": "be58",
      "firstName": "Jai",
      "lastName": "Shankar",
      "email": "jai.s@gmail.com",
      "phoneNumber": "7654567654",
      "dob": "2000-02-03",
      "address": "Hyderabad",
      "gender": "male",
      "isLead": true
    },
    {
      "id": "b7da",
      "firstName": "Vinay",
      "lastName": "Kumar",
      "email": "vinay@gmail.com",
      "phoneNumber": "765456765",
      "dob": "1990-04-10",
      "address": "Hyderabad",
      "gender": "male",
      "isLead": true
    },
    {
      "id": "6695",
      "firstName": "Abhi",
      "lastName": "A",
      "email": "abhi@gmail.com",
      "phoneNumber": "876789987",
      "dob": "2000-01-02",
      "address": "Hyderabad",
      "gender": "male",
      "isLead": true
    },
    {
      "id": "d59f",
      "firstName": "Nanditha",
      "lastName": "V",
      "email": "nanditha@gmail.com",
      "phoneNumber": "876567867",
      "dob": "1999-05-04",
      "address": "Hyderabad",
      "gender": "Female",
      "isLead": false
    },
    {
      "id": "a996",
      "firstName": "Harsha",
      "lastName": "A",
      "email": "harsha@gmail.com",
      "phoneNumber": "765434567",
      "dob": "1998-06-02",
      "address": "Hyderabad",
      "gender": "male",
      "isLead": false
    }
  ],
  "address": [
    {
      "contactId": "b7da",
      "houseno": "1-1",
      "street": "ABC Street",
      "area": "KPHB",
      "locality": "Kukatpally",
      "district": "Hyderabad",
      "state": "Telangana",
      "pincode": "500000",
      "id": "a22d"
    },
    {
      "id": "09d0",
      "contactId": "be58",
      "houseno": "1-2",
      "street": "BBB",
      "area": "ABC",
      "locality": "Hitechcity",
      "district": "Hyderabad",
      "state": "Telangana",
      "pincode": "500001"
    }
  ],
  "nominee": [
    {
      "id": "dbf1",
      "contactId": "be58",
      "nomineeName": "Akila",
      "relationship": "Wife",
      "nomineeAge": "26",
      "nomineeAddress": "Hyderabad"
    },
    {
      "id": "d649",
      "contactId": "b7da",
      "nomineeName": "Shiva",
      "relationship": "Father ",
      "nomineeAge": "76",
      "nomineeAddress": "Hyderabad"
    }
  ],
  "policiy": [
    {
      "id": "9cac",
      "contactId": "be58",
      "pacakgeId": "6428",
      "startDate": "2024-04-08"
    }
  ]
}